{
  "Default Changepercentage": 60,
  "Mode": "NORMAL",
  "Epoch": 28,
  "Learnrate": 9.999999747378752E-6,
  "NNPlayer Name": "NNPlayer32INRE",
  "Current Changepercentage": 118.88587951660156,
  "NNSpecs": {
    "NN Surviver": 5,
    "Weight Max": 10,
    "NN Quantity": 42,
    "Hiddenneuron Count": 32,
    "Weight Min": -10,
    "Outputs": 32,
    "Hiddenlayer Count": 5,
    "Inputs": 32,
    "Sigmoid Max": 1,
    "Sigmoid Min": -1
  },
  "Name": "Complete self learning"
}